{"frame_count": 66, "data": [[[0.8722943067550659, 0.07337163388729095, 0.4834452271461487, 0.0], [0.30989858508110046, 0.6818172335624695, -0.6626372337341309, 0.0], [-0.37824007868766785, 0.7278336882591248, 0.5720075368881226, 0.0], [0.0, 0.0, 0.0, 1.0], [0.0, 0.0, 7.276866436004639], []], [[0.8722943067550659, 0.07337163388729095, 0.4834452271461487, 0.0], [0.30989858508110046, 0.6818172335624695, -0.6626372337341309, 0.0], [-0.37824007868766785, 0.7278336882591248, 0.5720075368881226, 0.0], [0.0, 0.0, 0.0, 1.0], [0.0, 0.0, 7.276866436004639], []], [[0.8722943067550659, 0.07337163388729095, 0.4834452271461487, 0.0], [0.30989858508110046, 0.6818172335624695, -0.6626372337341309, 0.0], [-0.37824007868766785, 0.7278336882591248, 0.5720075368881226, 0.0], [0.0, 0.0, 0.0, 1.0], [0.0, 0.0, 7.276866436004639], []], [[0.8722943067550659, 0.07337163388729095, 0.4834452271461487, 0.0], [0.30989858508110046, 0.6818172335624695, -0.6626372337341309, 0.0], [-0.37824007868766785, 0.7278336882591248, 0.5720075368881226, 0.0], [0.0, 0.0, 0.0, 1.0], [0.0, 0.0, 7.276866436004639], []], [[0.8722943067550659, 0.07337163388729095, 0.4834452271461487, 0.0], [0.30989858508110046, 0.6818172335624695, -0.6626372337341309, 0.0], [-0.37824007868766785, 0.7278336882591248, 0.5720075368881226, 0.0], [0.0, 0.0, 0.0, 1.0], [0.0, 0.0, 7.276866436004639], []], [[0.8722943067550659, 0.07337163388729095, 0.4834452271461487, 0.0], [0.30989858508110046, 0.6818172335624695, -0.6626372337341309, 0.0], [-0.37824007868766785, 0.7278336882591248, 0.5720075368881226, 0.0], [0.0, 0.0, 0.0, 1.0], [0.0, 0.0, 7.276866436004639], []], [[0.8722943067550659, 0.07337163388729095, 0.4834452271461487, 0.0], [0.30989858508110046, 0.6818172335624695, -0.6626372337341309, 0.0], [-0.37824007868766785, 0.7278336882591248, 0.5720075368881226, 0.0], [0.0, 0.0, 0.0, 1.0], [0.0, 0.0, 7.276866436004639], []], [[0.8722943067550659, 0.07337163388729095, 0.4834452271461487, 0.0], [0.30989858508110046, 0.6818172335624695, -0.6626372337341309, 0.0], [-0.37824007868766785, 0.7278336882591248, 0.5720075368881226, 0.0], [0.0, 0.0, 0.0, 1.0], [0.0, 0.0, 7.276866436004639], []], [[0.8722943067550659, 0.07337163388729095, 0.4834452271461487, 0.0], [0.30989858508110046, 0.6818172335624695, -0.6626372337341309, 0.0], [-0.37824007868766785, 0.7278336882591248, 0.5720075368881226, 0.0], [0.0, 0.0, 0.0, 1.0], [0.0, 0.0, 7.276866436004639], []], [[0.8722943067550659, 0.07337163388729095, 0.4834452271461487, 0.0], [0.30989858508110046, 0.6818172335624695, -0.6626372337341309, 0.0], [-0.37824007868766785, 0.7278336882591248, 0.5720075368881226, 0.0], [0.0, 0.0, 0.0, 1.0], [0.0, 0.0, 7.276866436004639], []], [[0.8722943067550659, 0.07337163388729095, 0.4834452271461487, 0.0], [0.30989858508110046, 0.6818172335624695, -0.6626372337341309, 0.0], [-0.37824007868766785, 0.7278336882591248, 0.5720075368881226, 0.0], [0.0, 0.0, 0.0, 1.0], [0.0, 0.0, 7.276866436004639], []], [[0.8722943067550659, 0.07337163388729095, 0.4834452271461487, 0.0], [0.30989858508110046, 0.6818172335624695, -0.6626372337341309, 0.0], [-0.37824007868766785, 0.7278336882591248, 0.5720075368881226, 0.0], [0.0, 0.0, 0.0, 1.0], [0.0, 0.0, 7.276866436004639], []], [[0.8722943067550659, 0.07337163388729095, 0.4834452271461487, 0.0], [0.30989858508110046, 0.6818172335624695, -0.6626372337341309, 0.0], [-0.37824007868766785, 0.7278336882591248, 0.5720075368881226, 0.0], [0.0, 0.0, 0.0, 1.0], [0.0, 0.0, 7.276866436004639], []], [[0.8722943067550659, 0.07337163388729095, 0.4834452271461487, 0.0], [0.30989858508110046, 0.6818172335624695, -0.6626372337341309, 0.0], [-0.37824007868766785, 0.7278336882591248, 0.5720075368881226, 0.0], [0.0, 0.0, 0.0, 1.0], [0.0, 0.0, 7.276866436004639], []], [[0.8722943067550659, 0.07337163388729095, 0.4834452271461487, 0.0], [0.30989858508110046, 0.6818172335624695, -0.6626372337341309, 0.0], [-0.37824007868766785, 0.7278336882591248, 0.5720075368881226, 0.0], [0.0, 0.0, 0.0, 1.0], [0.0, 0.0, 7.276866436004639], []], [[0.8722943067550659, 0.07337163388729095, 0.4834452271461487, 0.0], [0.30989858508110046, 0.6818172335624695, -0.6626372337341309, 0.0], [-0.37824007868766785, 0.7278336882591248, 0.5720075368881226, 0.0], [0.0, 0.0, 0.0, 1.0], [0.0, 0.0, 7.276866436004639], []], [[0.8722943067550659, 0.07337163388729095, 0.4834452271461487, 0.0], [0.30989858508110046, 0.6818172335624695, -0.6626372337341309, 0.0], [-0.37824007868766785, 0.7278336882591248, 0.5720075368881226, 0.0], [0.0, 0.0, 0.0, 1.0], [0.0, 0.0, 7.276866436004639], []], [[0.8722943067550659, 0.07337163388729095, 0.4834452271461487, 0.0], [0.30989858508110046, 0.6818172335624695, -0.6626372337341309, 0.0], [-0.37824007868766785, 0.7278336882591248, 0.5720075368881226, 0.0], [0.0, 0.0, 0.0, 1.0], [0.0, 0.0, 7.276866436004639], []], [[0.8722943067550659, 0.07337163388729095, 0.4834452271461487, 0.0], [0.30989858508110046, 0.6818172335624695, -0.6626372337341309, 0.0], [-0.37824007868766785, 0.7278336882591248, 0.5720075368881226, 0.0], [0.0, 0.0, 0.0, 1.0], [0.0, 0.0, 7.276866436004639], []], [[0.8722943067550659, 0.07337163388729095, 0.4834452271461487, 0.0], [0.30989858508110046, 0.6818172335624695, -0.6626372337341309, 0.0], [-0.37824007868766785, 0.7278336882591248, 0.5720075368881226, 0.0], [0.0, 0.0, 0.0, 1.0], [0.0, 0.0, 7.276866436004639], []], [[0.8722943067550659, 0.07337163388729095, 0.4834452271461487, 0.0], [0.30989858508110046, 0.6818172335624695, -0.6626372337341309, 0.0], [-0.37824007868766785, 0.7278336882591248, 0.5720075368881226, 0.0], [0.0, 0.0, 0.0, 1.0], [0.0, 0.0, 7.276866436004639], []], [[0.8722943067550659, 0.07337163388729095, 0.4834452271461487, 0.0], [0.30989858508110046, 0.6818172335624695, -0.6626372337341309, 0.0], [-0.37824007868766785, 0.7278336882591248, 0.5720075368881226, 0.0], [0.0, 0.0, 0.0, 1.0], [0.0, 0.0, 7.276866436004639], []], [[0.8722943067550659, 0.07337163388729095, 0.4834452271461487, 0.0], [0.30989858508110046, 0.6818172335624695, -0.6626372337341309, 0.0], [-0.37824007868766785, 0.7278336882591248, 0.5720075368881226, 0.0], [0.0, 0.0, 0.0, 1.0], [0.0, 0.0, 7.276866436004639], []], [[0.8722943067550659, 0.07337163388729095, 0.4834452271461487, 0.0], [0.30989858508110046, 0.6818172335624695, -0.6626372337341309, 0.0], [-0.37824007868766785, 0.7278336882591248, 0.5720075368881226, 0.0], [0.0, 0.0, 0.0, 1.0], [0.0, 0.0, 7.276866436004639], []], [[0.8722943067550659, 0.07337163388729095, 0.4834452271461487, 0.0], [0.30989858508110046, 0.6818172335624695, -0.6626372337341309, 0.0], [-0.37824007868766785, 0.7278336882591248, 0.5720075368881226, 0.0], [0.0, 0.0, 0.0, 1.0], [0.0, 0.0, 7.276866436004639], []], [[0.8722943067550659, 0.07337163388729095, 0.4834452271461487, 0.0], [0.30989858508110046, 0.6818172335624695, -0.6626372337341309, 0.0], [-0.37824007868766785, 0.7278336882591248, 0.5720075368881226, 0.0], [0.0, 0.0, 0.0, 1.0], [0.0, 0.0, 7.276866436004639], []], [[0.8722943067550659, 0.07337163388729095, 0.4834452271461487, 0.0], [0.30989858508110046, 0.6818172335624695, -0.6626372337341309, 0.0], [-0.37824007868766785, 0.7278336882591248, 0.5720075368881226, 0.0], [0.0, 0.0, 0.0, 1.0], [0.0, 0.0, 7.276866436004639], []], [[0.8722943067550659, 0.07337163388729095, 0.4834452271461487, 0.0], [0.30989858508110046, 0.6818172335624695, -0.6626372337341309, 0.0], [-0.37824007868766785, 0.7278336882591248, 0.5720075368881226, 0.0], [0.0, 0.0, 0.0, 1.0], [0.0, 0.0, 7.276866436004639], []], [[0.8722943067550659, 0.07337163388729095, 0.4834452271461487, 0.0], [0.30989858508110046, 0.6818172335624695, -0.6626372337341309, 0.0], [-0.37824007868766785, 0.7278336882591248, 0.5720075368881226, 0.0], [0.0, 0.0, 0.0, 1.0], [0.0, 0.0, 7.276866436004639], []], [[0.8722943067550659, 0.07337163388729095, 0.4834452271461487, 0.0], [0.30989858508110046, 0.6818172335624695, -0.6626372337341309, 0.0], [-0.37824007868766785, 0.7278336882591248, 0.5720075368881226, 0.0], [0.0, 0.0, 0.0, 1.0], [0.0, 0.0, 7.276866436004639], []], [[0.8722943067550659,