{"frame_count": 65, "data": [[[-0.3847007751464844, 0.7938365340232849, -0.47098714113235474, 0.0], [-0.2693279981613159, 0.39151477813720703, 0.8798741698265076, 0.0], [0.8828747272491455, 0.4653382897377014, 0.06318636983633041, 0.0], [0.0, 0.0, 0.0, 1.0], [0.0, 0.0, 5.955197811126709]], [[-0.5349113345146179, 0.7461453676223755, -0.39640510082244873, 0.0], [-0.07281138747930527, 0.42671552300453186, 0.9014501571655273, 0.0], [0.8417650461196899, 0.5110586881637573, -0.17392708361148834, 0.0], [0.0, 0.0, 0.0, 1.0], [-0.12066355347633362, 0.014219065196812153, 5.746376991271973]], [[-0.7444732189178467, 0.5944401621818542, -0.3039745092391968, 0.0], [0.07570791244506836, 0.5275139808654785, 0.8461662530899048, 0.0], [0.6633460521697998, 0.6069348454475403, -0.4377238154411316, 0.0], [0.0, 0.0, 0.0, 1.0], [-0.3091750741004944, 0.10427084565162659, 5.443194389343262]], [[-0.8802816867828369, 0.44140177965164185, -0.17397871613502502, 0.0], [0.12654747068881989, 0.5718470215797424, 0.8105409741401672, 0.0], [0.45726343989372253, 0.6914878487586975, -0.5592447519302368, 0.0], [0.0, 0.0, 0.0, 1.0], [-0.4410845637321472, 0.1491541564464569, 5.274293422698975]], [[-0.9801353216171265, 0.18789884448051453, 0.06347308307886124, 0.0], [0.17242394387722015, 0.6491466164588928, 0.7408634424209595, 0.0], [0.0980040431022644, 0.7370907068252563, -0.6686497926712036, 0.0], [0.0, 0.0, 0.0, 1.0], [-0.6389487981796265, 0.2164791226387024, 5.000504016876221]], [[-0.9717849493026733, 0.018798623234033585, 0.23511819541454315, 0.0], [0.18005624413490295, 0.7030242085456848, 0.687994658946991, 0.0], [-0.1523604393005371, 0.7109174132347107, -0.6865732073783875, 0.0], [0.0, 0.0, 0.0, 1.0], [-0.7708582878112793, 0.2613624334335327, 4.804352760314941]], [[-0.8491603136062622, -0.2082940936088562, 0.48532500863075256, 0.0], [0.15616609156131744, 0.7788193225860596, 0.6074970364570618, 0.0], [-0.5045185685157776, 0.5916536450386047, -0.6288139224052429, 0.0], [0.0, 0.0, 0.0, 1.0], [-0.9687225222587585, 0.3286873996257782, 4.489688873291016]], [[-0.7020981907844543, -0.32816585898399353, 0.6319535970687866, 0.0], [0.11832553893327713, 0.821370542049408, 0.5579870343208313, 0.0], [-0.7021803259849548, 0.4665379226207733, -0.5378523468971252, 0.0], [0.0, 0.0, 0.0, 1.0], [-1.1006320714950562, 0.3735707104206085, 4.266287803649902]], [[-0.40734779834747314, -0.4423674941062927, 0.7989860773086548, 0.0], [0.034886591136455536, 0.8666843175888062, 0.4976356327533722, 0.0], [-0.9126065373420715, 0.23058468103408813, -0.33760926127433777, 0.0], [0.0, 0.0, 0.0, 1.0], [-1.2984964847564697, 0.440895676612854, 3.9107487201690674]], [[-0.17969441413879395, -0.46815431118011475, 0.8651828765869141, 0.0], [-0.03332016244530678, 0.8818908929824829, 0.4702746570110321, 0.0], [-0.9831579923629761, 0.055677685886621475, -0.1740698367357254, 0.0], [0.0, 0.0, 0.0, 1.0], [-1.430406093597412, 0.4857789874076843, 3.660097599029541]], [[0.1729363650083542, -0.4279748201370239, 0.8870911002159119, 0.0], [-0.14379996061325073, 0.8800393342971802, 0.4526061713695526, 0.0], [-0.9743790626525879, -0.2058357298374176, 0.09064804017543793, 0.0], [0.0, 0.0, 0.0, 1.0], [-1.6282705068588257, 0.5531038641929626, 3.263683319091797]], [[0.39420458674430847, -0.35142648220062256, 0.849177360534668, 0.0], [-0.2162172496318817, 0.8625995516777039, 0.457353413105011, 0.0], [-0.8932260870933533, -0.3638976216316223, 0.2640562355518341, 0.0], [0.0, 0.0, 0.0, 1.0], [-1.760180115699768, 0.5979871153831482, 2.9857823848724365]], [[0.671730637550354, -0.1743021160364151, 0.7199977040290833, 0.0], [-0.3119354546070099, 0.815005362033844, 0.4883262515068054, 0.0], [-0.6719182729721069, -0.552616536617279, 0.4930930733680725, 0.0], [0.0, 0.0, 0.0, 1.0], [-1.9580445289611816, 0.6653119921684265, 2.5484933853149414]], [[0.804269015789032, -0.025529729202389717, 0.5937168002128601, 0.0], [-0.36151596903800964, 0.7719240188598633, 0.522914469242096, 0.0], [-0.47165408730506897, -0.6352019906044006, 0.611605167388916, 0.0], [0.0, 0.0, 0.0, 1.0], [-2.089953899383545, 0.7101952433586121, 2.243342399597168]], [[0.9049903154373169, 0.2207726687192917, 0.36366456747055054, 0.0], [-0.4072244167327881, 0.6969346404075623, 0.5902968645095825, 0.0], [-0.12312902510166168, -0.6823060512542725, 0.7206231355667114, 0.0], [0.0, 0.0, 0.0, 1.0], [-2.28781795501709, 0.7775201201438904, 1.7651785612106323]], [[0.901316225528717, 0.385800302028656, 0.19694466888904572, 0.0], [-0.4160444438457489, 0.6444926261901855, 0.6415109038352966, 0.0], [0.12056571990251541, -0.6601419448852539, 0.741401731967926, 0.0], [0.0, 0.0, 0.0, 1.0], [-2.419727325439453, 0.8224033713340759, 1.4327776432037354]], [[0.8153612017631531, 0.5584832429885864, 0.15258625149726868, 0.0], [-0.5716425776481628, 0.7348530292510986, 0.3649873733520508, 0.0], [0.09171087294816971, -0.384821355342865, 0.9184234738349915, 0.0], [0.0, 0.0, 0.0, 1.0], [-2.472201108932495, 0.9527052640914917, 1.474847435951233]], [[0.7122970223426819, 0.6993668079376221, 0.05932113155722618, 0.0], [-0.7018159627914429, 0.7108108401298523, 0.046928729861974716, 0.0], [-0.009345708414912224, -0.07505971193313599, 0.9971352219581604, 0.0], [0.0, 0.0, 0.0, 1.0], [-2.4878666400909424, 1.0981959104537964, 1.4892687797546387]], [[0.5631933808326721, 0.808824896812439, -0.16916106641292572, 0.0], [-0.7906907796859741, 0.46802422404289246, -0.39466625452041626, 0.0], [-0.24004442989826202, 0.3560275435447693, 0.9031185507774353, 0.0], [0.0, 0.0, 0.0, 1.0], [-2.5113649368286133, 1.3164318799972534, 1.4904632568359375]], [[0.4671930968761444, 0.8209895491600037, -0.32818710803985596, 0.0], [-0.8438262939453125, 0.3032020330429077, -0.4427478611469269, 0.0], [-0.2639843821525574, 0.4837816655635834, 0.8344264626502991, 0.0], [0.0, 0.0, 0.0, 1.0], [-2.532180070877075, 1.4093430042266846, 1.5810348987579346]], [[0.2937614917755127, 0.791793942451477, -0.5355058312416077, 0.0], [-0.9277887940406799, 0.10136967152357101, -0.35907119512557983, 0.0], [-0.23002634942531586, 0.6023176312446594, 0.764396071434021, 0.0], [0.0, 0.0, 0.0, 1.0], [-2.5743322372436523, 1.4858310222625732, 1.6964550018310547]], [[0.1678299456834793, 0.7377697229385376, -0.6538569927215576, 0.0], [-0.9603985548019409, -0.027278512716293335, -0.2772913873195648, 0.0], [-0.22241343557834625, 0.6745010614395142, 0.7039748430252075, 0.0], [0.0, 0.0, 0.0, 1.0], [-2.602433681488037, 1.536823034286499, 1.7597767114639282]], [[-0.02608049102127552, 0.6097664833068848, -0.792151927947998, 0.0], [-0.9718959927558899, -0.2009257674217224, -0.12266620248556137, 0.0], [-0.23396146297454834, 0.7666900753974915, 0.5978698134422302, 0.0], [0.0, 0.0, 0.0, 1.0], [-2.6445858478546143, 1.6133110523223877, 1.8343217372894287]], [[-0.1525058001279831, 0.49742746353149414, -0.8539952635765076, 0.0], [-0.9544399976730347, -0.29838407039642334, -0.003356931498274207, 0.0], [-0.2564884126186371, 0.8145752549171448, 0.5202699303627014, 0.0], [0.0, 0.0, 0.0, 1.0], [-2.672687292098999, 1.6643030643463135, 1.8703933954238892]], [[-0.32766157388687134, 0.2978680431842804, -0.8966116905212402, 0.0], [-0.8923147916793823, -0.4094500243663788, 0.19006577134132385, 0.0], [-0.31050315499305725, 0.8623371124267578, 0.39995309710502625, 0.0], [0.0, 0.0, 0.0, 1.0], [-2.714839458465576, 1.7407910823822021, 1.90406334400177]], [[-0.4293418526649475, 0.1505611389875412, -0.8905037641525269, 0.0], [-0.8290729522705078, -0.45676442980766296, 0.3224969506263733, 0.0], [-0.35819491744041443, 0.8767540454864502, 0.3209342360496521, 0.0], [0.0, 0.0, 0.0, 1.0], [-2.742940902709961, 1.791783094406128, 1.9128849506378174]], [[-0.5512710213661194, -0.07980591058731079, -0.830500602722168, 0.0], [-0.7068256735801697, -0.4841950237751007, 0.5157060027122498, 0.0], [-0.4432806372642517, 0.8713129162788391, 0.21051381528377533, 0.0], [0.0, 0.0, 0.0, 1.0], [-2.785093069076538, 1.8682711124420166, 1.9056798219680786]], [[-0.6085251569747925, -0.23244135081768036, -0.75872802734375, 0.0], 