{"frame_count": 66, "data": [[[-0.7709069848060608, 0.5567421317100525, 0.30941978096961975, 0.0], [-0.5686561465263367, -0.38274696469306946, -0.7281036376953125, 0.0], [-0.28693652153015137, -0.7372536659240723, 0.6116571426391602, 0.0], [0.0, 0.0, 0.0, 1.0], [0.0, 0.0, 14.582741737365723], []], [[-0.7709069848060608, 0.5567421317100525, 0.30941978096961975, 0.0], [-0.5686561465263367, -0.38274696469306946, -0.7281036376953125, 0.0], [-0.28693652153015137, -0.7372536659240723, 0.6116571426391602, 0.0], [0.0, 0.0, 0.0, 1.0], [0.0, 0.0, 14.582741737365723], []], [[-0.7709069848060608, 0.5567421913146973, 0.309419721364975, 0.0], [-0.5686561465263367, -0.38274699449539185, -0.7281036376953125, 0.0], [-0.28693652153015137, -0.7372536063194275, 0.6116572022438049, 0.0], [0.0, 0.0, 0.0, 1.0], [0.0, 0.0, 14.582741737365723], []], [[-0.7709069848060608, 0.5567421913146973, 0.309419721364975, 0.0], [-0.5686561465263367, -0.38274699449539185, -0.7281036376953125, 0.0], [-0.28693652153015137, -0.7372536063194275, 0.6116572022438049, 0.0], [0.0, 0.0, 0.0, 1.0], [0.0, 0.0, 14.582741737365723], []], [[-0.7709069848060608, 0.5567421913146973, 0.309419721364975, 0.0], [-0.5686561465263367, -0.38274699449539185, -0.7281036376953125, 0.0], [-0.28693652153015137, -0.7372536063194275, 0.6116572022438049, 0.0], [0.0, 0.0, 0.0, 1.0], [0.0, 0.0, 14.582741737365723], []], [[-0.7709069848060608, 0.5567421317100525, 0.30941978096961975, 0.0], [-0.5686561465263367, -0.38274696469306946, -0.7281036376953125, 0.0], [-0.28693652153015137, -0.7372536659240723, 0.6116571426391602, 0.0], [0.0, 0.0, 0.0, 1.0], [0.0, 0.0, 14.582741737365723], []], [[-0.7709069848060608, 0.5567421913146973, 0.309419721364975, 0.0], [-0.5686561465263367, -0.38274699449539185, -0.7281036376953125, 0.0], [-0.28693652153015137, -0.7372536063194275, 0.6116572022438049, 0.0], [0.0, 0.0, 0.0, 1.0], [0.0, 0.0, 14.582741737365723], []], [[-0.7709069848060608, 0.5567421913146973, 0.309419721364975, 0.0], [-0.5686561465263367, -0.38274699449539185, -0.7281036376953125, 0.0], [-0.28693652153015137, -0.7372536063194275, 0.6116572022438049, 0.0], [0.0, 0.0, 0.0, 1.0], [0.0, 0.0, 14.582741737365723], []], [[-0.7709069848060608, 0.5567421317100525, 0.30941978096961975, 0.0], [-0.5686561465263367, -0.38274696469306946, -0.7281036376953125, 0.0], [-0.28693652153015137, -0.7372536659240723, 0.6116571426391602, 0.0], [0.0, 0.0, 0.0, 1.0], [0.0, 0.0, 14.582741737365723], []], [[-0.7709069848060608, 0.5567421317100525, 0.30941978096961975, 0.0], [-0.5686561465263367, -0.38274696469306946, -0.7281036376953125, 0.0], [-0.28693652153015137, -0.7372536659240723, 0.6116571426391602, 0.0], [0.0, 0.0, 0.0, 1.0], [0.0, 0.0, 14.582741737365723], []], [[-0.7709069848060608, 0.5567421317100525, 0.30941978096961975, 0.0], [-0.5686561465263367, -0.38274696469306946, -0.7281036376953125, 0.0], [-0.28693652153015137, -0.7372536659240723, 0.6116571426391602, 0.0], [0.0, 0.0, 0.0, 1.0], [0.0, 0.0, 14.582741737365723], []], [[-0.7709069848060608, 0.5567421913146973, 0.309419721364975, 0.0], [-0.5686561465263367, -0.38274699449539185, -0.7281036376953125, 0.0], [-0.28693652153015137, -0.7372536063194275, 0.6116572022438049, 0.0], [0.0, 0.0, 0.0, 1.0], [0.0, 0.0, 14.582741737365723], []], [[-0.7709069848060608, 0.5567421913146973, 0.309419721364975, 0.0], [-0.5686561465263367, -0.38274699449539185, -0.7281036376953125, 0.0], [-0.28693652153015137, -0.7372536063194275, 0.6116572022438049, 0.0], [0.0, 0.0, 0.0, 1.0], [0.0, 0.0, 14.582741737365723], []], [[-0.7709069848060608, 0.5567421913146973, 0.309419721364975, 0.0], [-0.5686561465263367, -0.38274699449539185, -0.7281036376953125, 0.0], [-0.28693652153015137, -0.7372536063194275, 0.6116572022438049, 0.0], [0.0, 0.0, 0.0, 1.0], [0.0, 0.0, 14.582741737365723], []], [[-0.7709069848060608, 0.5567421913146973, 0.309419721364975, 0.0], [-0.5686561465263367, -0.38274699449539185, -0.7281036376953125, 0.0], [-0.28693652153015137, -0.7372536063194275, 0.6116572022438049, 0.0], [0.0, 0.0, 0.0, 1.0], [0.0, 0.0, 14.582741737365723], []], [[-0.7709069848060608, 0.5567421317100525, 0.30941978096961975, 0.0], [-0.5686561465263367, -0.38274696469306946, -0.7281036376953125, 0.0], [-0.28693652153015137, -0.7372536659240723, 0.6116571426391602, 0.0], [0.0, 0.0, 0.0, 1.0], [0.0, 0.0, 14.582741737365723], []], [[-0.7709069848060608, 0.5567421317100525, 0.30941978096961975, 0.0], [-0.5686561465263367, -0.38274696469306946, -0.7281036376953125, 0.0], [-0.28693652153015137, -0.7372536659240723, 0.6116571426391602, 0.0], [0.0, 0.0, 0.0, 1.0], [0.0, 0.0, 14.582741737365723], []], [[-0.7709069848060608, 0.5567421913146973, 0.309419721364975, 0.0], [-0.5686561465263367, -0.38274699449539185, -0.7281036376953125, 0.0], [-0.28693652153015137, -0.7372536063194275, 0.6116572022438049, 0.0], [0.0, 0.0, 0.0, 1.0], [0.0, 0.0, 14.582741737365723], []], [[-0.7709069848060608, 0.5567421913146973, 0.309419721364975, 0.0], [-0.5686561465263367, -0.38274699449539185, -0.7281036376953125, 0.0], [-0.28693652153015137, -0.7372536063194275, 0.6116572022438049, 0.0], [0.0, 0.0, 0.0, 1.0], [0.0, 0.0, 14.582741737365723], []], [[-0.7709069848060608, 0.5567421913146973, 0.309419721364975, 0.0], [-0.5686561465263367, -0.38274699449539185, -0.7281036376953125, 0.0], [-0.28693652153015137, -0.7372536063194275, 0.6116572022438049, 0.0], [0.0, 0.0, 0.0, 1.0], [0.0, 0.0, 14.582741737365723], []], [[-0.7709069848060608, 0.5567421317100525, 0.30941978096961975, 0.0], [-0.5686561465263367, -0.38274696469306946, -0.7281036376953125, 0.0], [-0.28693652153015137, -0.7372536659240723, 0.6116571426391602, 0.0], [0.0, 0.0, 0.0, 1.0], [0.0, 0.0, 14.582741737365723], []], [[-0.7709069848060608, 0.5567421317100525, 0.30941978096961975, 0.0], [-0.5686561465263367, -0.38274696469306946, -0.7281036376953125, 0.0], [-0.28693652153015137, -0.7372536659240723, 0.6116571426391602, 0.0], [0.0, 0.0, 0.0, 1.0], [0.0, 0.0, 14.582741737365723], []], [[-0.7709069848060608, 0.5567421913146973, 0.309419721364975, 0.0], [-0.5686561465263367, -0.38274699449539185, -0.7281036376953125, 0.0], [-0.28693652153015137, -0.7372536063194275, 0.6116572022438049, 0.0], [0.0, 0.0, 0.0, 1.0], [0.0, 0.0, 14.582741737365723], []], [[-0.7709069848060608, 0.5567421913146973, 0.309419721364975, 0.0], [-0.5686561465263367, -0.38274699449539185, -0.7281036376953125, 0.0], [-0.28693652153015137, -0.7372536063194275, 0.6116572022438049, 0.0], [0.0, 0.0, 0.0, 1.0], [0.0, 0.0, 14.582741737365723], []], [[-0.7709069848060608, 0.5567421913146973, 0.309419721364975, 0.0], [-0.5686561465263367, -0.38274699449539185, -0.7281036376953125, 0.0], [-0.28693652153015137, -0.7372536063194275, 0.6116572022438049, 0.0], [0.0, 0.0, 0.0, 1.0], [0.0, 0.0, 14.582741737365723], []], [[-0.7709069848060608, 0.5567421913146973, 0.309419721364975, 0.0], [-0.5686561465263367, -0.38274699449539185, -0.7281036376953125, 0.0], [-0.28693652153015137, -0.7372536063194275, 0.6116572022438049, 0.0], [0.0, 0.0, 0.0, 1.0], [0.0, 0.0, 14.582741737365723], []], [[-0.7709069848060608, 0.5567421913146973, 0.309419721364975, 0.0], [-0.5686561465263367, -0.38274699449539185, -0.7281036376953125, 0.0], [-0.28693652153015137, -0.7372536063194275, 0.6116572022438049, 0.0], [0.0, 0.0, 0.0, 1.0], [0.0, 0.0, 14.582741737365723], []], [[-0.7709069848060608, 0.5567421317100525, 0.30941978096961975, 0.0], [-0.5686561465263367, -0.38274696469306946, -0.7281036376953125, 0.0], [-0.28693652153015137, -0.7372536659240723, 0.6116571426391602, 0.0], [0.0, 0.0, 0.0, 1.0], [0.0, 0.0, 14.582741737365723], []], [[-0.7709069848060608, 0.5567421317100525, 0.30941978096961975, 0.0], [-0.5686561465263367, -0.38274696469306946, -0.7281036376953125, 0.0], [-0.28693652153015137, -0.7372536659240723, 0.6116571426391602, 0.0], [0.0, 0.0, 0.0, 1.0], [0.0, 0.0, 14.582741737365723], []], [[-0.7709069848060608, 0.5567421317100525, 0.30941978096961975, 0.0], [-0.5686561465263367, -0.38274696469306946, -0.7281036376953125, 0.0], [-0.28693652153015137, 